07/08/2024@13:00,asdasdawewadasdasd
07/08/2024@13:00,asdasdawewadasdasd
07/08/2024@13:00,asdasdawewadasdasd
07/08/2024@13:00,asdasdawewadasdasd
07/08/2024@13:00,asdasdawewadasdasd
07/08/2024@13:00,asdasdawewadasdasd
07/08/2024@13:00,asdasdawewadasdasd
07/08/2024@13:00,asdasdawewadasdasd
07/08/2024@13:00,asdasdawewadasdasd
9/7/2024@8:39,nviouzrjbjoxirkkulgr
9/7/2024@8:40,ecbobkvpbiittkyuczyu
9/7/2024@8:40,uajqkzwqihdloolyycgq
9/7/2024@8:42,lqbhubjmdwjwiefyrasl
9/7/2024@8:42,mbvcqmpyezqiruokkphy
9/7/2024@8:42,teywojrahqnatscrcwmh
9/7/2024@8:42,qeqtfzwxqkuneozgziwq
9/7/2024@8:44,eolinchgulnmfnhatjok
9/7/2024@8:47,)rk7ee8sJGuaC1AbOzUp6C$IQ!e7Xl
